{
  "states": [
    {
      "name": "1. Andhra Pradesh",
      "districts": [
        "Alluri sitharama raju",
        "Anakapalli",
        "Anantapur",
        "Annamayya",
        "Bapatla",
        "Chittoor",
        "East godavari",
        "Eluru",
        "Guntur",
        "Kadapa",
        "Kakinada",
        "Krishna",
        "Kurnool",
        "Nandyal",
        "Ntr",
        "Palnadu",
        "Parvathipuram manyam",
        "Prakasam",
        "Spsr nellore",
        "Sri sathya sai",
        "Srikakulam",
        "Tirupati",
        "Visakhapatanam",
        "Vizianagaram",
        "West godavari"
      ]
    },
    {
      "name": "10. Madhya Pradesh",
      "districts": [
        "Alirajpur",
        "Ashoknagar",
        "Barwani",
        "Betul",
        "Bhind",
        "Bhopal",
        "Burhanpur",
        "Chhatarpur",
        "Chhindwara",
        "Damoh",
        "Datia",
        "Dewas",
        "Dhar",
        "Dindori",
        "Guna",
        "Harda",
        "Hoshangabad",
        "Indore",
        "Jabalpur",
        "Jhabua",
        "Katni",
        "Khandwa",
        "Khargone",
        "Mandla",
        "Mandsaur",
        "Morena",
        "Narsinghpur",
        "Neemuch",
        "Panna",
        "Raisen",
        "Rajgarh",
        "Ratlam",
        "Rewa",
        "Sagar",
        "Satna",
        "Sehore",
        "Seoni",
        "Shahdol",
        "Shajapur",
        "Sheopur",
        "Shivpuri",
        "Sidhi",
        "Singrauli",
        "Tikamgarh",
        "Ujjain",
        "Umaria",
        "Vidisha"
      ]
    },
    {
      "name": "11. Maharashtra",
      "districts": [
        "Ahilyanagar",
        "Akola",
        "Amravati",
        "Beed",
        "Bhandara",
        "Buldhana",
        "Chandrapur",
        "Chhatrapati Sambhajinagar",
        "Dharashiv",
        "Dhule",
        "Gadchiroli",
        "Gondia",
        "Hingoli",
        "Jalgaon",
        "Jalna",
        "Kolhapur",
        "Latur",
        "Nagpur",
        "Nanded",
        "Nandurbar",
        "Nashik",
        "Parbhani",
        "Pune",
        "Sangli",
        "Satara",
        "Solapur",
        "Wardha",
        "Washim",
        "Yavatmal"
      ]
    },
    {
      "name": "12. Manipur",
      "districts": [
        "Churachandpur"
      ]
    },
    {
      "name": "13. Meghalaya",
      "districts": [
        "East garo hills",
        "North garo hills",
        "South garo hills",
        "South west garo hills",
        "West garo hills"
      ]
    },
    {
      "name": "14. Mizoram",
      "districts": [
        "Aizawl",
        "Champhai",
        "Hnahthial",
        "Kolasib",
        "Lawngtlai",
        "Lunglei",
        "Mamit",
        "Saiha"
      ]
    },
    {
      "name": "15. Nagaland",
      "districts": [
        "Dimapur",
        "Kohima",
        "Mokokchung",
        "Mon",
        "Peren",
        "Phek",
        "Tseminyu",
        "Tuensang",
        "Wokha",
        "Zunheboto"
      ]
    },
    {
      "name": "16. Odisha",
      "districts": [
        "Anugul",
        "Balangir",
        "Bargarh",
        "Boudh",
        "Dhenkanal",
        "Gajapati",
        "Ganjam",
        "Kalahandi",
        "Kandhamal",
        "Kendujhar",
        "Koraput",
        "Nabarangpur",
        "Nayagarh",
        "Nuapada",
        "Rayagada",
        "Sonepur"
      ]
    },
    {
      "name": "17. Puducherry",
      "districts": [
        "Karaikal",
        "Pondicherry"
      ]
    },
    {
      "name": "18. Punjab",
      "districts": [
        "Amritsar",
        "Barnala",
        "Bathinda",
        "Faridkot",
        "Fazilka",
        "Firozepur",
        "Jalandhar",
        "Ludhiana",
        "Malerkotla",
        "Mansa",
        "Moga",
        "Muktsar",
        "Patiala",
        "Sangrur",
        "Tarn taran"
      ]
    },
    {
      "name": "19. Rajasthan",
      "districts": [
        "Ajmer",
        "Alwar",
        "Banswara",
        "Baran",
        "Barmer",
        "Bharatpur",
        "Bhilwara",
        "Bikaner",
        "Bundi",
        "Chittorgarh",
        "Churu",
        "Dausa",
        "Dholpur",
        "Dungarpur",
        "Ganganagar",
        "Hanumangarh",
        "Jaipur",
        "Jaisalmer",
        "Jalore",
        "Jhalawar",
        "Jhunjhunu",
        "Jodhpur",
        "Karauli",
        "Kota",
        "Nagaur",
        "Pali",
        "Pratapgarh",
        "Rajsamand",
        "Sawai madhopur",
        "Sikar",
        "Sirohi",
        "Tonk",
        "Udaipur"
      ]
    },
    {
      "name": "2. Assam",
      "districts": [
        "Baksa",
        "Barpeta",
        "Biswanath",
        "Bongaigaon",
        "Cachar",
        "Chirang",
        "Darrang",
        "Dhemaji",
        "Dhubri",
        "Dibrugarh",
        "Dima hasao",
        "Goalpara",
        "Golaghat",
        "Hailakandi",
        "Jorhat",
        "Kamrup",
        "Kamrup metro",
        "Karbi anglong",
        "Karimganj",
        "Kokrajhar",
        "Lakhimpur",
        "Majuli",
        "Marigaon",
        "Nagaon",
        "Nalbari",
        "Sivasagar",
        "Sonitpur",
        "Tinsukia",
        "Udalguri",
        "West karbi anglong"
      ]
    },
    {
      "name": "2. Karnataka",
      "districts": [
        "Bagalkot",
        "Bangalore rural",
        "Belgaum",
        "Bellary",
        "Bidar",
        "Bijapur",
        "Chamarajanagar",
        "Chikballapur",
        "Chikmagalur",
        "Chitradurga",
        "Davangere",
        "Dharwad",
        "Gadag",
        "Gulbarga",
        "Hassan",
        "Haveri",
        "Kolar",
        "Koppal",
        "Mandya",
        "Mysore",
        "Raichur",
        "Ramanagara",
        "Shimoga",
        "Tumkur",
        "Uttar kannad",
        "Vijayanagar",
        "Yadgir"
      ]
    },
    {
      "name": "20. Tamil Nadu",
      "districts": [
        "Ariyalur",
        "Chengalpattu",
        "Coimbatore",
        "Cuddalore",
        "Dharmapuri",
        "Dindigul",
        "Erode",
        "Kallakurichi",
        "Kanchipuram",
        "Kanniyakumari",
        "Karur",
        "Krishnagiri",
        "Madurai",
        "Mayiladuthurai",
        "Nagapattinam",
        "Namakkal",
        "Perambalur",
        "Pudukkottai",
        "Ramanathapuram",
        "Ranipet",
        "Salem",
        "Sivaganga",
        "Thanjavur",
        "The nilgiris",
        "Theni",
        "Thenkasi",
        "Thiruvallur",
        "Thiruvarur",
        "Thoothukudi",
        "Tiruchirappalli",
        "Tirunelveli",
        "Tirupathur",
        "Tiruppur",
        "Tiruvannamalai",
        "Vellore",
        "Villupuram",
        "Virudhunagar"
      ]
    },
    {
      "name": "21. Telangana",
      "districts": [
        "Adilabad",
        "Bhadradri",
        "Jagitial",
        "Jangoan",
        "Jayashankar",
        "Jogulamba",
        "Kamareddy",
        "Karimnagar",
        "Khammam",
        "Komaram bheem asifabad",
        "Mahabubabad",
        "Mahbubnagar",
        "Mancherial",
        "Medak",
        "Medchal",
        "Mulugu",
        "Nagarkurnool",
        "Nalgonda",
        "Narayanapet",
        "Nirmal",
        "Nizamabad",
        "Peddapalli",
        "Rajanna",
        "Rangareddi",
        "Sangareddy",
        "Siddipet",
        "Suryapet",
        "Vikarabad",
        "Wanaparthy",
        "Warangal",
        "Warangal urban",
        "Yadadri"
      ]
    },
    {
      "name": "22. Tripura",
      "districts": [
        "Dhalai",
        "Gomati",
        "Khowai",
        "North tripura",
        "Sepahijala",
        "South tripura",
        "Unakoti",
        "West tripura"
      ]
    },
    {
      "name": "23. Uttar Pradesh",
      "districts": [
        "Agra",
        "Aligarh",
        "Amroha",
        "Azamgarh",
        "Baghpat",
        "Banda",
        "Barabanki",
        "Bareilly",
        "Bijnor",
        "Budaun",
        "Bulandshahr",
        "Chandauli",
        "Etah",
        "Etawah",
        "Firozabad",
        "Gautam buddha nagar",
        "Ghaziabad",
        "Hamirpur",
        "Hardoi",
        "Hathras",
        "Jalaun",
        "Jaunpur",
        "Jhansi",
        "Kannauj",
        "Kanpur dehat",
        "Kanpur nagar",
        "Kasganj",
        "Kushi nagar",
        "Lucknow",
        "Mathura",
        "Meerut",
        "Muzaffarnagar",
        "Pilibhit",
        "Rampur",
        "Saharanpur",
        "Sant kabeer nagar",
        "Sant ravidas nagar",
        "Shahjahanpur",
        "Shamli",
        "Sitapur"
      ]
    },
    {
      "name": "24. West Bengal",
      "districts": [
        "24 paraganas north",
        "24 paraganas south",
        "Bankura",
        "Birbhum",
        "Howrah",
        "Medinipur east",
        "Medinipur west",
        "Purba bardhaman",
        "Purulia"
      ]
    },
    {
      "name": "3. Chhattisgarh",
      "districts": [
        "Balrampur",
        "Bastar",
        "Bemetara",
        "Bilaspur",
        "Dantewada",
        "Durg",
        "Kabirdham",
        "Kanker",
        "Kondagaon",
        "Korea",
        "Raipur",
        "Rajnandgaon",
        "Surguja"
      ]
    },
    {
      "name": "3. Meghalaya",
      "districts": [
        "East garo hills",
        "South garo hills",
        "West garo hills"
      ]
    },
    {
      "name": "4. Gujarat",
      "districts": [
        "Ahmadabad",
        "Amreli",
        "Anand",
        "Aravalli",
        "Banas kantha",
        "Bharuch",
        "Bhavnagar",
        "Botad",
        "Chhotaudepur",
        "Devbhumi dwarka",
        "Dohad",
        "Gandhinagar",
        "Gir somnath",
        "Jamnagar",
        "Junagadh",
        "Kachchh",
        "Kheda",
        "Mahesana",
        "Mahisagar",
        "Morbi",
        "Narmada",
        "Panch mahals",
        "Patan",
        "Porbandar",
        "Rajkot",
        "Sabar kantha",
        "Surat",
        "Surendranagar",
        "Tapi",
        "Vadodara"
      ]
    },
    {
      "name": "4. Tamil Nadu",
      "districts": [
        "Ariyalur",
        "Chengalpattu",
        "Coimbatore",
        "Cuddalore",
        "Dharmapuri",
        "Dindigul",
        "Erode",
        "Kallakurichi",
        "Kanchipuram",
        "Karur",
        "Krishnagiri",
        "Madurai",
        "Mayiladuthurai",
        "Nagapattinam",
        "Namakkal",
        "Perambalur",
        "Pudukkottai",
        "Ramanathapuram",
        "Ranipet",
        "Salem",
        "Sivaganga",
        "Thanjavur",
        "The nilgiris",
        "Theni",
        "Thenkasi",
        "Thiruvallur",
        "Thiruvarur",
        "Thoothukudi",
        "Tiruchirappalli",
        "Tirunelveli",
        "Tirupathur",
        "Tiruppur",
        "Tiruvannamalai",
        "Vellore",
        "Villupuram",
        "Virudhunagar"
      ]
    },
    {
      "name": "5. Haryana",
      "districts": [
        "Ambala",
        "Bhiwani",
        "Charki dadri",
        "Faridabad",
        "Fatehabad",
        "Gurgaon",
        "Hisar",
        "Jhajjar",
        "Jind",
        "Kaithal",
        "Karnal",
        "Kurukshetra",
        "Mahendragarh",
        "Mewat",
        "Palwal",
        "Panchkula",
        "Panipat",
        "Rewari",
        "Rohtak",
        "Sirsa",
        "Sonipat",
        "Yamunanagar"
      ]
    },
    {
      "name": "5. Telangana",
      "districts": [
        "Adilabad",
        "Bhadradri",
        "Jagitial",
        "Jangoan",
        "Jayashankar",
        "Jogulamba",
        "Kamareddy",
        "Karimnagar",
        "Khammam",
        "Komaram bheem asifabad",
        "Mahabubabad",
        "Mahbubnagar",
        "Mancherial",
        "Medak",
        "Medchal",
        "Mulugu",
        "Nagarkurnool",
        "Nalgonda",
        "Narayanapet",
        "Nirmal",
        "Nizamabad",
        "Peddapalli",
        "Rajanna",
        "Rangareddi",
        "Sangareddy",
        "Siddipet",
        "Suryapet",
        "Vikarabad",
        "Wanaparthy",
        "Warangal",
        "Warangal urban",
        "Yadadri"
      ]
    },
    {
      "name": "6. Himachal Pradesh",
      "districts": [
        "Bilaspur",
        "Hamirpur",
        "Kangra",
        "Mandi",
        "Sirmaur",
        "Solan"
      ]
    },
    {
      "name": "7. Jammu and Kashmir",
      "districts": [
        "Jammu",
        "Kathua",
        "Rajauri",
        "Reasi",
        "Samba",
        "Udhampur"
      ]
    },
    {
      "name": "8. Karnataka",
      "districts": [
        "Bagalkot",
        "Bangalore rural",
        "Belgaum",
        "Bellary",
        "Bengaluru urban",
        "Bidar",
        "Bijapur",
        "Chamarajanagar",
        "Chikballapur",
        "Chikmagalur",
        "Chitradurga",
        "Dakshin kannad",
        "Davangere",
        "Dharwad",
        "Gadag",
        "Gulbarga",
        "Hassan",
        "Haveri",
        "Kodagu",
        "Kolar",
        "Koppal",
        "Mandya",
        "Mysore",
        "Raichur",
        "Ramanagara",
        "Shimoga",
        "Tumkur",
        "Uttar kannad",
        "Vijayanagar",
        "Yadgir"
      ]
    },
    {
      "name": "9. Kerala",
      "districts": [
        "Idukki",
        "Palakkad",
        "Thrissur"
      ]
    }
  ],
  "seasons": [
    "Kharif",
    "Rabi"
  ],
  "planting_windows": {
    "Kharif": {
      "early": {
        "start": "06-01",
        "end": "06-15",
        "label": "Early June"
      },
      "mid": {
        "start": "06-16",
        "end": "06-30",
        "label": "Late June"
      },
      "late": {
        "start": "07-01",
        "end": "07-15",
        "label": "Early July"
      }
    },
    "Rabi": {
      "early": {
        "start": "10-01",
        "end": "10-15",
        "label": "Early October"
      },
      "mid": {
        "start": "10-16",
        "end": "10-31",
        "label": "Late October"
      },
      "late": {
        "start": "11-01",
        "end": "11-15",
        "label": "Early November"
      }
    }
  }
}